[{"date":"2008-04-18","venue":"M Chinnaswamy Stadium","win_by_wickets":"0","city":"Bangalore","team1":"Kolkata Knight Riders","team2":"Royal Challengers Bangalore","result":"normal","dl_applied":"0","winner":"Kolkata Knight Riders","player_of_match":"BB McCullum","umpire1":"Asad Rauf","season":"2008","toss_winner":"Royal Challengers Bangalore","umpire3":"aditya","id":"1","umpire2":"RE Koertzen","toss_decision":"field","win_by_runs":"140"},{"date":"2008-04-19","venue":"\"Punjab Cricket Association Stadium","win_by_wickets":"0","city":"Chandigarh","team1":"Chennai Super Kings","team2":"Kings XI Punjab","result":"normal","dl_applied":"0","winner":"Chennai Super Kings","player_of_match":"MEK Hussey","umpire1":" Mohali\"","season":"2008","toss_winner":"Chennai Super Kings","umpire3":"SL Shastri","id":"2","umpire2":"MR Benson","toss_decision":"bat","win_by_runs":"33"},{"date":"2008-04-19","venue":"Feroz Shah Kotla","win_by_wickets":"9","city":"Delhi","team1":"Rajasthan Royals","team2":"Delhi Daredevils","result":"normal","dl_applied":"0","winner":"Delhi Daredevils","player_of_match":"MF Maharoof","umpire1":"Aleem Dar","season":"2008","toss_winner":"Rajasthan Royals","id":"3","umpire2":"GA Pratapkumar","toss_decision":"bat","win_by_runs":"0"},{"date":"2008-04-20","venue":"Wankhede Stadium","win_by_wickets":"5","city":"Mumbai","team1":"Mumbai Indians","team2":"Royal Challengers Bangalore","result":"normal","dl_applied":"0","winner":"Royal Challengers Bangalore","player_of_match":"MV Boucher","umpire1":"SJ Davis","season":"2008","toss_winner":"Mumbai Indians","id":"4","umpire2":"DJ Harper","toss_decision":"bat","win_by_runs":"0"},{"date":"2008-04-20","venue":"Eden Gardens","win_by_wickets":"5","city":"Kolkata","team1":"Deccan Chargers","team2":"Kolkata Knight Riders","result":"normal","dl_applied":"0","winner":"Kolkata Knight Riders","player_of_match":"DJ Hussey","umpire1":"BF Bowden","season":"2008","toss_winner":"Deccan Chargers","id":"5","umpire2":"K Hariharan","toss_decision":"bat","win_by_runs":"0"},{"date":"2008-04-21","venue":"Sawai Mansingh Stadium","win_by_wickets":"6","city":"Jaipur","team1":"Kings XI Punjab","team2":"Rajasthan Royals","result":"normal","dl_applied":"0","winner":"Rajasthan Royals","player_of_match":"SR Watson","umpire1":"Aleem Dar","season":"2008","toss_winner":"Kings XI Punjab","id":"6","umpire2":"RB Tiffin","toss_decision":"bat","win_by_runs":"0"},{"date":"2008-04-22","venue":"\"Rajiv Gandhi International Stadium","win_by_wickets":"9","city":"Hyderabad","team1":"Deccan Chargers","team2":"Delhi Daredevils","result":"normal","dl_applied":"0","winner":"Delhi Daredevils","player_of_match":"V Sehwag","umpire1":" Uppal\"","season":"2008","toss_winner":"Deccan Chargers","umpire3":"AM Saheba","id":"7","umpire2":"IL Howell","toss_decision":"bat","win_by_runs":"0"},{"date":"2008-04-23","venue":"\"MA Chidambaram Stadium","win_by_wickets":"0","city":"Chennai","team1":"Chennai Super Kings","team2":"Mumbai Indians","result":"normal","dl_applied":"0","winner":"Chennai Super Kings","player_of_match":"ML Hayden","umpire1":" Chepauk\"","season":"2008","toss_winner":"Mumbai Indians","umpire3":"GA Pratapkumar","id":"8","umpire2":"DJ Harper","toss_decision":"field","win_by_runs":"6"},{"date":"2008-04-24","venue":"\"Rajiv Gandhi International Stadium","win_by_wickets":"3","city":"Hyderabad","team1":"Deccan Chargers","team2":"Rajasthan Royals","result":"normal","dl_applied":"0","winner":"Rajasthan Royals","player_of_match":"YK Pathan","umpire1":" Uppal\"","season":"2008","toss_winner":"Rajasthan Royals","umpire3":"MR Benson","id":"9","umpire2":"Asad Rauf","toss_decision":"field","win_by_runs":"0"},{"date":"2008-04-25","venue":"\"Punjab Cricket Association Stadium","win_by_wickets":"0","city":"Chandigarh","team1":"Kings XI Punjab","team2":"Mumbai Indians","result":"normal","dl_applied":"0","winner":"Kings XI Punjab","player_of_match":"KC Sangakkara","umpire1":" Mohali\"","season":"2008","toss_winner":"Mumbai Indians","umpire3":"AM Saheba","id":"10","umpire2":"Aleem Dar","toss_decision":"field","win_by_runs":"66"},{"date":"2008-04-26","venue":"M Chinnaswamy Stadium","win_by_wickets":"7","city":"Bangalore","team1":"Royal Challengers Bangalore","team2":"Rajasthan Royals","result":"normal","dl_applied":"0","winner":"Rajasthan Royals","player_of_match":"SR Watson","umpire1":"MR Benson","season":"2008","toss_winner":"Rajasthan Royals","id":"11","umpire2":"IL Howell","toss_decision":"field","win_by_runs":"0"},{"date":"2008-04-26","venue":"\"MA Chidambaram Stadium","win_by_wickets":"9","city":"Chennai","team1":"Kolkata Knight Riders","team2":"Chennai Super Kings","result":"normal","dl_applied":"0","winner":"Chennai Super Kings","player_of_match":"JDP Oram","umpire1":" Chepauk\"","season":"2008","toss_winner":"Kolkata Knight Riders","umpire3":"AV Jayaprakash","id":"12","umpire2":"BF Bowden","toss_decision":"bat","win_by_runs":"0"},{"date":"2008-04-27","venue":"Dr DY Patil Sports Academy","win_by_wickets":"10","city":"Mumbai","team1":"Mumbai Indians","team2":"Deccan Chargers","result":"normal","dl_applied":"0","winner":"Deccan Chargers","player_of_match":"AC Gilchrist","umpire1":"Asad Rauf","season":"2008","toss_winner":"Deccan Chargers","id":"13","umpire2":"SL Shastri","toss_decision":"field","win_by_runs":"0"},{"date":"2008-04-27","venue":"\"Punjab Cricket Association Stadium","win_by_wickets":"4","city":"Chandigarh","team1":"Delhi Daredevils","team2":"Kings XI Punjab","result":"normal","dl_applied":"0","winner":"Kings XI Punjab","player_of_match":"SM Katich","umpire1":" Mohali\"","season":"2008","toss_winner":"Delhi Daredevils","umpire3":"I Shivram","id":"14","umpire2":"RE Koertzen","toss_decision":"bat","win_by_runs":"0"},{"date":"2008-04-28","venue":"M Chinnaswamy Stadium","win_by_wickets":"0","city":"Bangalore","team1":"Chennai Super Kings","team2":"Royal Challengers Bangalore","result":"normal","dl_applied":"0","winner":"Chennai Super Kings","player_of_match":"MS Dhoni","umpire1":"BR Doctrove","season":"2008","toss_winner":"Chennai Super Kings","id":"15","umpire2":"RB Tiffin","toss_decision":"bat","win_by_runs":"13"},{"date":"2008-04-29","venue":"Eden Gardens","win_by_wickets":"7","city":"Kolkata","team1":"Kolkata Knight Riders","team2":"Mumbai Indians","result":"normal","dl_applied":"0","winner":"Mumbai Indians","player_of_match":"ST Jayasuriya","umpire1":"BF Bowden","season":"2008","toss_winner":"Kolkata Knight Riders","id":"16","umpire2":"AV Jayaprakash","toss_decision":"bat","win_by_runs":"0"},{"date":"2008-04-30","venue":"Feroz Shah Kotla","win_by_wickets":"0","city":"Delhi","team1":"Delhi Daredevils","team2":"Royal Challengers Bangalore","result":"normal","dl_applied":"0","winner":"Delhi Daredevils","player_of_match":"GD McGrath","umpire1":"Aleem Dar","season":"2008","toss_winner":"Royal Challengers Bangalore","id":"17","umpire2":"I Shivram","toss_decision":"field","win_by_runs":"10"},{"date":"2008-05-01","venue":"\"Rajiv Gandhi International Stadium","win_by_wickets":"7","city":"Hyderabad","team1":"Deccan Chargers","team2":"Kings XI Punjab","result":"normal","dl_applied":"0","winner":"Kings XI Punjab","player_of_match":"SE Marsh","umpire1":" Uppal\"","season":"2008","toss_winner":"Kings XI Punjab","umpire3":"RB Tiffin","id":"18","umpire2":"BR Doctrove","toss_decision":"field","win_by_runs":"0"},{"date":"2008-05-01","venue":"Sawai Mansingh Stadium","win_by_wickets":"0","city":"Jaipur","team1":"Rajasthan Royals","team2":"Kolkata Knight Riders","result":"normal","dl_applied":"0","winner":"Rajasthan Royals","player_of_match":"SA Asnodkar","umpire1":"RE Koertzen","season":"2008","toss_winner":"Rajasthan Royals","id":"19","umpire2":"GA Pratapkumar","toss_decision":"bat","win_by_runs":"45"},{"date":"2008-05-02","venue":"\"MA Chidambaram Stadium","win_by_wickets":"8","city":"Chennai","team1":"Chennai Super Kings","team2":"Delhi Daredevils","result":"normal","dl_applied":"0","winner":"Delhi Daredevils","player_of_match":"V Sehwag","umpire1":" Chepauk\"","season":"2008","toss_winner":"Chennai Super Kings","umpire3":"K Hariharan","id":"20","umpire2":"BF Bowden","toss_decision":"bat","win_by_runs":"0"},{"date":"2008-05-25","venue":"\"Rajiv Gandhi International Stadium","win_by_wickets":"5","city":"Hyderabad","team1":"Deccan Chargers","team2":"Royal Challengers Bangalore","result":"normal","dl_applied":"0","winner":"Royal Challengers Bangalore","player_of_match":"R Vinay Kumar","umpire1":" Uppal\"","season":"2008","toss_winner":"Deccan Chargers","umpire3":"RE Koertzen","id":"21","umpire2":"Asad Rauf","toss_decision":"bat","win_by_runs":"0"},{"date":"2008-05-03","venue":"\"Punjab Cricket Association Stadium","win_by_wickets":"0","city":"Chandigarh","team1":"Kings XI Punjab","team2":"Kolkata Knight Riders","result":"normal","dl_applied":"0","winner":"Kings XI Punjab","player_of_match":"IK Pathan","umpire1":" Mohali\"","season":"2008","toss_winner":"Kings XI Punjab","umpire3":"I Shivram","id":"22","umpire2":"DJ Harper","toss_decision":"bat","win_by_runs":"9"},{"date":"2008-05-04","venue":"Dr DY Patil Sports Academy","win_by_wickets":"0","city":"Mumbai","team1":"Mumbai Indians","team2":"Delhi Daredevils","result":"normal","dl_applied":"0","winner":"Mumbai Indians","player_of_match":"SM Pollock","umpire1":"IL Howell","season":"2008","toss_winner":"Delhi Daredevils","id":"23","umpire2":"RE Koertzen","toss_decision":"field","win_by_runs":"29"},{"date":"2008-05-04","venue":"Sawai Mansingh Stadium","win_by_wickets":"8","city":"Jaipur","team1":"Chennai Super Kings","team2":"Rajasthan Royals","result":"normal","dl_applied":"0","winner":"Rajasthan Royals","player_of_match":"Sohail Tanvir","umpire1":"Asad Rauf","season":"2008","toss_winner":"Chennai Super Kings","id":"24","umpire2":"AV Jayaprakash","toss_decision":"bat","win_by_runs":"0"},{"date":"2008-05-05","venue":"M Chinnaswamy Stadium","win_by_wickets":"6","city":"Bangalore","team1":"Royal Challengers Bangalore","team2":"Kings XI Punjab","result":"normal","dl_applied":"0","winner":"Kings XI Punjab","player_of_match":"S Sreesanth","umpire1":"SJ Davis","season":"2008","toss_winner":"Kings XI Punjab","id":"25","umpire2":"BR Doctrove","toss_decision":"field","win_by_runs":"0"},{"date":"2008-05-06","venue":"\"MA Chidambaram Stadium","win_by_wickets":"7","city":"Chennai","team1":"Chennai Super Kings","team2":"Deccan Chargers","result":"normal","dl_applied":"0","winner":"Deccan Chargers","player_of_match":"AC Gilchrist","umpire1":" Chepauk\"","season":"2008","toss_winner":"Deccan Chargers","umpire3":"RB Tiffin","id":"26","umpire2":"MR Benson","toss_decision":"field","win_by_runs":"0"},{"date":"2008-05-07","venue":"Dr DY Patil Sports Academy","win_by_wickets":"7","city":"Mumbai","team1":"Rajasthan Royals","team2":"Mumbai Indians","result":"normal","dl_applied":"0","winner":"Mumbai Indians","player_of_match":"A Nehra","umpire1":"DJ Harper","season":"2008","toss_winner":"Mumbai Indians","id":"27","umpire2":"RE Koertzen","toss_decision":"field","win_by_runs":"0"},{"date":"2008-05-08","venue":"Feroz Shah Kotla","win_by_wickets":"4","city":"Delhi","team1":"Delhi Daredevils","team2":"Chennai Super Kings","result":"normal","dl_applied":"0","winner":"Chennai Super Kings","player_of_match":"MS Dhoni","umpire1":"Aleem Dar","season":"2008","toss_winner":"Chennai Super Kings","id":"28","umpire2":"RB Tiffin","toss_decision":"field","win_by_runs":"0"},{"date":"2008-05-08","venue":"Eden Gardens","win_by_wickets":"0","city":"Kolkata","team1":"Kolkata Knight Riders","team2":"Royal Challengers Bangalore","result":"normal","dl_applied":"0","winner":"Kolkata Knight Riders","player_of_match":"SC Ganguly","umpire1":"Asad Rauf","season":"2008","toss_winner":"Kolkata Knight Riders","id":"29","umpire2":"IL Howell","toss_decision":"bat","win_by_runs":"5"},{"date":"2008-05-09","venue":"Sawai Mansingh Stadium","win_by_wickets":"8","city":"Jaipur","team1":"Deccan Chargers","team2":"Rajasthan Royals","result":"normal","dl_applied":"0","winner":"Rajasthan Royals","player_of_match":"YK Pathan","umpire1":"MR Benson","season":"2008","toss_winner":"Rajasthan Royals","id":"30","umpire2":"AM Saheba","toss_decision":"field","win_by_runs":"0"},{"date":"2008-05-28","venue":"M Chinnaswamy Stadium","win_by_wickets":"9","city":"Bangalore","team1":"Royal Challengers Bangalore","team2":"Mumbai Indians","result":"normal","dl_applied":"0","winner":"Mumbai Indians","player_of_match":"CRD Fernando","umpire1":"BF Bowden","season":"2008","toss_winner":"Mumbai Indians","id":"31","umpire2":"AV Jayaprakash","toss_decision":"field","win_by_runs":"0"},{"date":"2008-05-10","venue":"\"MA Chidambaram Stadium","win_by_wickets":"0","city":"Chennai","team1":"Chennai Super Kings","team2":"Kings XI Punjab","result":"normal","dl_applied":"0","winner":"Chennai Super Kings","player_of_match":"L Balaji","umpire1":" Chepauk\"","season":"2008","toss_winner":"Kings XI Punjab","umpire3":"BG Jerling","id":"32","umpire2":"AV Jayaprakash","toss_decision":"field","win_by_runs":"18"},{"date":"2008-05-11","venue":"\"Rajiv Gandhi International Stadium","win_by_wickets":"0","city":"Hyderabad","team1":"Kolkata Knight Riders","team2":"Deccan Chargers","result":"normal","dl_applied":"0","winner":"Kolkata Knight Riders","player_of_match":"SC Ganguly","umpire1":" Uppal\"","season":"2008","toss_winner":"Kolkata Knight Riders","umpire3":"AM Saheba","id":"33","umpire2":"IL Howell","toss_decision":"bat","win_by_runs":"23"},{"date":"2008-05-11","venue":"Sawai Mansingh Stadium","win_by_wickets":"3","city":"Jaipur","team1":"Delhi Daredevils","team2":"Rajasthan Royals","result":"normal","dl_applied":"0","winner":"Rajasthan Royals","player_of_match":"SR Watson","umpire1":"SJ Davis","season":"2008","toss_winner":"Rajasthan Royals","id":"34","umpire2":"RE Koertzen","toss_decision":"field","win_by_runs":"0"},{"date":"2008-05-12","venue":"\"Punjab Cricket Association Stadium","win_by_wickets":"9","city":"Chandigarh","team1":"Royal Challengers Bangalore","team2":"Kings XI Punjab","result":"normal","dl_applied":"0","winner":"Kings XI Punjab","player_of_match":"SE Marsh","umpire1":" Mohali\"","season":"2008","toss_winner":"Royal Challengers Bangalore","umpire3":"I Shivram","id":"35","umpire2":"BR Doctrove","toss_decision":"bat","win_by_runs":"0"},{"date":"2008-05-13","venue":"Eden Gardens","win_by_wickets":"0","city":"Kolkata","team1":"Kolkata Knight Riders","team2":"Delhi Daredevils","result":"normal","dl_applied":"0","winner":"Kolkata Knight Riders","player_of_match":"Shoaib Akhtar","umpire1":"Asad Rauf","season":"2008","toss_winner":"Kolkata Knight Riders","id":"36","umpire2":"IL Howell","toss_decision":"bat","win_by_runs":"23"},{"date":"2008-05-14","venue":"Wankhede Stadium","win_by_wickets":"9","city":"Mumbai","team1":"Chennai Super Kings","team2":"Mumbai Indians","result":"normal","dl_applied":"0","winner":"Mumbai Indians","player_of_match":"ST Jayasuriya","umpire1":"BR Doctrove","season":"2008","toss_winner":"Mumbai Indians","id":"37","umpire2":"AM Saheba","toss_decision":"field","win_by_runs":"0"},{"date":"2008-05-28","venue":"\"Punjab Cricket Association Stadium","win_by_wickets":"0","city":"Chandigarh","team1":"Kings XI Punjab","team2":"Rajasthan Royals","result":"normal","dl_applied":"0","winner":"Kings XI Punjab","player_of_match":"SE Marsh","umpire1":" Mohali\"","season":"2008","toss_winner":"Rajasthan Royals","umpire3":"K Hariharan","id":"38","umpire2":"SJ Davis","toss_decision":"field","win_by_runs":"41"},{"date":"2008-05-15","venue":"Feroz Shah Kotla","win_by_wickets":"0","city":"Delhi","team1":"Delhi Daredevils","team2":"Deccan Chargers","result":"normal","dl_applied":"0","winner":"Delhi Daredevils","player_of_match":"A Mishra","umpire1":"BG Jerling","season":"2008","toss_winner":"Deccan Chargers","id":"39","umpire2":"GA Pratapkumar","toss_decision":"field","win_by_runs":"12"},{"date":"2008-05-16","venue":"Wankhede Stadium","win_by_wickets":"8","city":"Mumbai","team1":"Kolkata Knight Riders","team2":"Mumbai Indians","result":"normal","dl_applied":"0","winner":"Mumbai Indians","player_of_match":"SM Pollock","umpire1":"BR Doctrove","season":"2008","toss_winner":"Mumbai Indians","id":"40","umpire2":"DJ Harper","toss_decision":"field","win_by_runs":"0"}]